,OBJECTID_1,GIS_ID,FEDTRACTNO,TRACTNO,AREASQMI,POPDENSITY,TOTAL,NAME,FULLTOTAL,AGE0_17,AGE0_17PCT,AGE18PLUS,AGE18PLUSP,CHTOTAL,CHWHITE,CHBLACK,CHAMERIND,CHASIAN,CHHISP,CHOTHER,TOTALPERC,TOTAL90,TOTAL00,TOTPOPCHG,TOTPOPCHGP,WHITE,BLACK,AMERIND,ASIAN,HAWAIIAN,OTHER,HISPANIC,OCCUPIEDHO,PCTOWNEROC,TRACT90,COMMENT_,MRDCHREL,MRDCHRELNO,MHHCHREL,MHHCHRELNO,FMHHCHREL,FMHHCHRELN,MARRIED,TOTHOUSEUN,SINGLEFAMI,MULTIUNIT,CONSTRCOST,SINGLECOST,MULTICOST,MULTIPERSO,SINGLEPERS,FAGI_TOTAL_2005,FAGI_MEAN_2005,FAGI_MEDIAN_2005,FAGI_TOTAL_2006,FAGI_MEDIAN_2006,AREA,LEN,SHAPE_Length,SHAPE_Area,NEIGHBORHOODCLUSTER,INCOME_LEVEL_2005
0,1,Tract00_017,22.01,22.1,0.16,21869.35,3505,2000 Tract 22.01,1135,824,0.24,2681,0.76,-147,126,-393,46,22,273,178,-4.03,3652,3505,-147,-0.04,29,2938,2,14,0,4,456,905,0.8,22.1, ,132,218,27,58,98,269,350,0,0,0,0,0,0,61,272,53943913.0,36179.69,28487.0,49226475.0,32345.0,0,0,2575.69,415112.02,17,LOW_INCOME
1,2,Tract00_158,9.01,9.1,1.16,6188.13,7208,2000 Tract 9.01,1465,948,0.13,6260,0.87,364,-80,131,14,36,-6,383,5.32,6844,7208,364,0.05,5655,389,13,323,7,310,410,1301,0.89,9.1, ,468,571,11,11,36,29,1039,10,10,0,4215774,4215774,0,95,244,477654010.0,293399.27,105399.0,491999497.0,139934.0,0,0,7097.34,3016851.73,13,HIGH_INCOME
2,3,Tract00_018,13.02,13.2,0.62,10176.56,6294,2000 Tract 13.02,4632,341,0.05,5953,0.95,318,273,-6,20,145,-9,54,5.32,5976,6294,318,0.05,4995,368,7,360,1,27,410,1420,0.31,13.2, ,182,561,11,21,27,69,743,169,1,168,17600000,600000,17000000,315,3446,288845784.0,78299.21,56676.0,294212897.0,67927.0,0,0,5998.95,1601867.52,12,MID_INCOME
3,4,Tract00_019,25.01,25.1,0.21,11400.25,2392,2000 Tract 25.01,885,510,0.21,1882,0.79,3,112,-288,27,18,292,247,0.13,2389,2392,3,0.0,185,1605,1,15,0,8,534,542,0.61,25.1, ,120,126,21,42,52,128,246,0,0,0,0,0,0,75,321,48061278.0,43298.45,27553.5,45509375.0,31890.5,0,0,3106.34,543438.49,18,LOW_INCOME
4,5,Tract00_020,23.01,23.1,0.15,20076.42,2995,2000 Tract 23.01,1048,673,0.22,2322,0.78,-348,79,-518,32,20,164,112,-10.41,3343,2995,-348,-0.1,43,2620,9,13,3,12,244,760,0.73,23.1, ,85,196,18,57,108,228,281,0,0,0,0,0,0,64,292,47301412.0,39221.73,30733.0,43536452.0,35158.0,0,0,2986.77,386372.74,18,MID_INCOME
5,6,Tract00_022,95.04,95.4,0.39,8514.69,3353,2000 Tract 95.04,1312,601,0.18,2752,0.82,126,-179,280,22,34,21,41,3.9,3227,3353,126,0.04,562,2552,3,81,1,4,102,708,0.54,95.4, ,123,209,26,37,137,157,332,0,0,0,0,0,0,102,521,59146507.0,44740.17,35486.5,55634768.0,41637.5,0,0,4246.25,1019918.41,20,MID_INCOME
6,7,Tract00_023,10.02,10.2,0.34,10082.05,3465,2000 Tract 10.02,2281,222,0.06,3243,0.94,-69,-165,-17,17,141,41,99,-1.95,3534,3465,-69,-0.02,2415,213,9,354,2,14,345,692,0.3,10.2, ,93,294,11,16,55,57,387,0,0,0,0,0,0,324,1431,103611998.0,81777.43,59945.0,103243527.0,72738.0,0,0,3970.08,890144.28,14,MID_INCOME
7,8,Tract00_024,23.02,23.2,0.79,1702.4,1345,2000 Tract 23.02,567,138,0.1,1207,0.9,-3072,-2126,-914,3,-18,-78,16,-69.55,4417,1345,-3072,-0.7,387,841,9,20,0,4,52,166,0.29,23.2, ,31,39,8,16,30,59,70,0,0,0,0,0,0,146,238,26493894.0,36392.71,23942.0,24379701.0,27481.5,0,0,6178.72,2046248.26,21,LOW_INCOME
8,9,Tract00_026,25.02,25.2,0.23,23505.72,5486,2000 Tract 25.02,1920,1363,0.25,4123,0.75,640,513,-947,48,46,1425,1268,13.21,4846,5486,640,0.13,165,3026,14,38,1,17,2130,737,0.38,25.2, ,295,247,47,87,172,255,542,0,0,0,0,0,0,157,660,78494728.0,33134.12,25160.0,70487737.0,29268.5,0,0,3240.26,604483.24,18,LOW_INCOME
9,10,Tract00_150,9.02,9.2,0.83,2382.65,1973,2000 Tract 9.02,837,403,0.2,1570,0.8,18,4,23,5,7,21,26,0.92,1955,1973,18,0.01,1684,95,1,62,0,0,89,689,0.82,9.2, ,190,244,13,10,32,29,434,3,3,0,650000,650000,0,91,228,151454009.0,190268.86,90259.0,155484137.0,108978.0,0,0,8793.16,2144701.5,13,MID_HIGH_INCOME
10,11,Tract00_151,8.01,8.1,1.17,5746.95,6721,2000 Tract 8.01,3280,776,0.12,5945,0.88,793,434,111,11,294,183,126,13.38,5928,6721,793,0.13,5339,283,4,390,4,32,502,1979,0.6,8.1, ,377,804,9,26,69,74,1181,1,1,0,3000000,3000000,0,284,1637,405283470.0,198182.63,80825.0,396165442.0,94832.0,0,0,8255.43,3028972.01,13,MID_HIGH_INCOME
11,12,Tract00_028,28.01,28.1,0.07,54678.32,3629,2000 Tract 28.01,1400,942,0.26,2687,0.74,206,315,-328,44,-7,382,460,6.02,3423,3629,206,0.06,197,1814,15,80,3,13,1414,251,0.18,28.1, ,171,134,37,78,186,129,305,0,0,0,0,0,0,132,533,45508896.0,30728.49,22768.0,39540059.0,26392.0,0,0,1725.3,171901.85,2,LOW_INCOME
12,13,Tract00_184,91.01,91.1,1.18,4089.67,4827,2000 Tract 91.01,1713,982,0.2,3845,0.8,-240,-80,-150,19,27,11,-4,-6.64,3614,4827,-240,-0.05,117,4517,18,38,0,10,94,1220,0.71,90.2,Tracts Combined,172,344,25,78,137,283,516,0,0,0,0,0,0,110,564,77884372.0,41427.86,33600.5,69284462.0,38355.5,0,0,8496.87,3056942.52,22,MID_INCOME
13,14,Tract00_032,93.01,93.1,0.43,7738.78,3305,2000 Tract 93.01,1141,666,0.2,2639,0.8,-277,-50,-252,41,-8,59,87,-7.73,3582,3305,-277,-0.08,611,2352,14,54,1,18,187,931,0.82,93.1, ,147,255,18,43,92,180,402,0,0,0,0,0,0,110,296,66231195.0,50137.16,38542.0,61756468.0,45913.0,0,0,4607.17,1106100.2,22,MID_INCOME
14,15,Tract00_033,7.01,7.1,0.23,19455.51,4395,2000 Tract 7.01,2915,300,0.07,4095,0.93,-183,-151,-24,21,118,-160,-8,-4.0,4578,4395,-183,-0.04,3513,147,5,250,3,12,375,1424,0.49,7.1, ,134,483,13,24,35,61,617,2,2,0,450000,450000,0,252,1913,241018543.0,93454.26,56217.0,254291556.0,67270.0,0,0,3556.52,585077.86,14,MID_INCOME
15,16,Tract00_034,92.01,92.1,0.25,5612.91,1381,2000 Tract 92.01,521,223,0.16,1158,0.84,-370,-401,28,11,15,7,16,-21.13,1751,1381,-370,-0.21,263,992,2,19,0,2,73,218,0.42,92.1, ,28,63,10,19,51,57,91,0,0,0,0,0,0,37,256,17433456.0,33143.45,27989.5,15443184.0,32588.0,0,0,3292.21,637239.57,21,LOW_INCOME
16,17,Tract00_036,27.02,27.2,0.19,32112.92,6052,2000 Tract 27.02,2553,914,0.15,5138,0.85,-190,496,-696,35,320,106,-47,-3.04,6242,6052,-190,-0.03,2258,1145,23,391,1,17,2077,825,0.32,27.2, ,303,351,52,126,130,131,654,0,0,0,0,0,0,509,951,143696109.0,55225.25,34297.5,139239788.0,41950.0,0,0,3408.04,488119.82,2,MID_INCOME
17,18,Tract00_037,5.01,5.1,0.34,8017.75,2765,2000 Tract 5.01,1793,110,0.04,2655,0.96,-9,-25,2,21,69,-26,-9,-0.32,2774,2765,-9,-0.0,2263,131,5,154,2,5,157,329,0.18,5.1, ,59,218,4,4,9,24,277,211,0,211,20392000,0,20392000,275,1200,145940964.0,83633.79,57002.0,147682278.0,68802.0,0,0,5384.13,893181.01,15,MID_INCOME
18,19,Tract00_038,5.02,5.2,0.24,13219.49,3112,2000 Tract 5.02,1743,334,0.11,2778,0.89,-704,-628,-41,19,22,-128,6,-18.45,3816,3112,-704,-0.18,2632,75,1,119,0,13,222,814,0.47,5.2, ,163,340,11,15,37,32,503,0,0,0,0,0,0,252,893,231202410.0,120417.92,61776.5,233054708.0,75729.0,0,0,4315.87,609721.52,15,MID_INCOME
19,20,Tract00_043,93.02,93.2,0.15,7874.89,1201,2000 Tract 93.02,475,248,0.21,953,0.79,-435,-31,-394,8,-1,-3,11,-26.59,1636,1201,-435,-0.27,19,1123,0,1,0,4,31,293,0.62,93.2, ,40,83,10,22,44,79,123,1,1,0,64700,64700,0,37,160,19753829.0,39746.13,31976.0,16929657.0,35222.5,0,0,2756.22,394990.98,22,MID_INCOME
20,21,Tract00_044,91.02,91.2,0.7,6322.11,4400,2000 Tract 91.02,1634,1290,0.29,3110,0.71,-447,5,-475,19,20,47,45,-9.22,4847,4400,-447,-0.09,28,4229,10,10,0,12,67,634,0.39,91.2, ,121,204,22,70,302,251,325,0,0,0,0,0,0,97,567,49699011.0,31756.56,24642.0,47872537.0,28828.0,0,0,6433.14,1802571.28,22,LOW_INCOME
21,22,Tract00_046,92.03,92.3,0.24,12025.05,2861,2000 Tract 92.03,1167,704,0.25,2157,0.75,-353,-38,-327,33,16,2,25,-10.98,3214,2861,-353,-0.11,53,2654,14,18,0,7,74,554,0.47,92.3, ,77,144,25,47,178,184,221,0,0,0,0,0,0,77,435,43737364.0,33826.27,28412.0,40170741.0,33325.0,0,0,3438.43,616203.92,21,LOW_INCOME
22,23,Tract00_067,48.01,48.1,0.12,15318.04,1876,2000 Tract 48.01,859,342,0.18,1534,0.82,-279,86,-449,21,44,94,70,-12.95,2155,1876,-279,-0.13,161,1427,6,74,0,0,176,337,0.39,48.1, ,50,78,19,39,69,77,128,0,0,0,0,0,0,111,416,38497267.0,47352.11,34939.0,36510408.0,40955.0,0,0,2449.25,317192.48,7,MID_INCOME
23,24,Tract00_071,52.01,52.1,0.13,34761.72,4559,2000 Tract 52.01,3039,346,0.08,4213,0.92,79,366,-566,44,191,196,232,1.76,4480,4559,79,0.02,2436,1031,18,317,7,22,588,717,0.24,52.1, ,91,214,9,45,82,59,305,57,0,57,2633400,0,2633400,487,2052,213381688.0,71412.88,50469.5,223549697.0,62330.0,0,0,2661.88,339670.38,7,MID_INCOME
24,25,Tract00_073,49.01,49.1,0.1,19178.73,2013,2000 Tract 49.01,838,503,0.25,1510,0.75,19,68,-121,15,50,37,48,0.95,1994,2013,19,0.01,235,1569,14,57,0,2,105,245,0.29,49.1, ,51,53,23,22,138,109,104,0,0,0,0,0,0,114,328,31201320.0,39797.6,26474.0,28920749.0,32110.0,0,0,2113.09,271848.93,7,LOW_INCOME
25,26,Tract00_074,2.01,2.1,0.2,22458.52,4467,2000 Tract 2.01,28,32,0.01,4435,0.99,631,866,-147,-7,-18,-191,-61,16.45,3836,4467,631,0.16,3852,239,0,242,56,1,75,15,0.54,2.1, ,1,3,1,0,2,1,4,0,0,0,0,0,0,8,12,10705176.0,243299.45,114048.5,13587405.0,151880.5,0,0,3208.05,515159.09,4,HIGH_INCOME
26,27,Tract00_101,80.01,80.1,0.13,20514.04,2578,2000 Tract 80.01,1136,514,0.2,2064,0.8,-373,-147,-231,18,18,23,21,-12.64,2951,2578,-373,-0.13,311,2164,4,27,0,1,41,758,0.67,80.1, ,84,151,17,49,96,156,235,0,0,0,0,0,0,130,453,66887535.0,55926.03,43206.0,63648025.0,49288.0,0,0,2400.57,325482.41,25,MID_INCOME
27,28,Tract00_102,79.01,79.1,0.15,23931.85,3680,2000 Tract 79.01,1465,1115,0.3,2565,0.7,-199,-11,-209,15,8,28,35,-5.13,3879,3680,-199,-0.05,22,3563,6,12,1,3,52,514,0.35,79.1, ,86,139,35,55,301,257,225,0,0,0,0,0,0,99,493,40312440.0,28980.91,22383.0,36581986.0,26443.0,0,0,2551.26,398274.68,25,LOW_INCOME
28,29,Tract00_103,79.03,79.3,0.09,19645.53,1840,2000 Tract 79.03,792,438,0.24,1402,0.76,-175,7,-167,4,16,17,4,-8.68,2015,1840,-175,-0.09,17,1765,1,0,0,2,39,479,0.6,79.3, ,56,108,21,29,99,141,164,0,0,0,0,0,0,38,300,25964231.0,34073.79,28292.5,23945889.0,32263.0,0,0,2170.88,242588.67,25,LOW_INCOME
29,30,Tract00_104,68.04,68.4,0.79,3311.58,2628,2000 Tract 68.04,171,114,0.04,2514,0.96,-554,65,-649,-2,14,4,68,-17.41,3182,2628,-554,-0.17,174,2269,2,19,0,7,122,21,0.12,68.4, ,11,14,0,6,3,5,25,0,0,0,0,0,0,7,125,793918.0,44106.56,39437.0,446777.0,42017.0,0,0,6740.02,2055375.85,26,MID_INCOME
30,31,Tract00_180,78.08,78.8,0.38,10592.74,4012,2000 Tract 78.08,1366,1369,0.34,2643,0.66,-757,24,-754,10,-4,2,0,-15.87,4769,4012,-757,-0.16,22,3926,7,4,0,1,29,546,0.4,78.8, ,71,198,23,56,345,289,269,1,1,0,68150,68150,0,49,335,34121504.0,28482.06,23379.5,30322222.0,26932.0,0,0,4386.42,980952.17,31,LOW_INCOME
31,32,Tract00_049,33.01,33.1,0.17,15947.92,2707,2000 Tract 33.01,1030,547,0.2,2160,0.8,-394,-12,-375,12,13,32,29,-12.71,3101,2707,-394,-0.13,154,2400,2,14,0,6,84,647,0.63,33.1, ,77,125,19,51,86,150,202,0,0,0,0,0,0,166,356,55946734.0,50814.47,36331.0,53007004.0,44326.0,0,0,3304.06,439622.33,21,MID_INCOME
32,33,Tract00_051,7.02,7.2,0.12,28344.98,3326,2000 Tract 7.02,2296,192,0.06,3134,0.94,6,-112,61,29,72,36,116,0.18,3320,3326,6,0.0,2325,204,11,274,2,24,358,462,0.2,7.2, ,90,229,9,21,40,42,319,0,0,0,0,0,0,317,1548,93996457.0,53165.42,45345.0,90484459.0,53161.0,0,0,2763.48,303916.82,14,MID_INCOME
33,34,Tract00_052,92.04,92.4,0.11,21391.06,2322,2000 Tract 92.04,1089,627,0.27,1695,0.73,-107,10,-144,11,6,57,30,-4.4,2429,2322,-107,-0.04,29,2163,7,8,0,0,101,126,0.12,92.4, ,60,81,22,21,173,114,141,0,0,0,0,0,0,81,537,18104527.0,27265.85,22258.5,16019683.0,26279.0,0,0,2521.43,281156.25,21,LOW_INCOME
34,35,Tract00_053,40.01,40.1,0.11,32935.15,3474,2000 Tract 40.01,2346,163,0.05,3311,0.95,449,353,19,12,105,-23,40,14.84,3025,3474,449,0.15,2779,171,6,151,2,13,289,1028,0.44,40.1, ,85,335,7,10,26,26,420,0,0,0,0,0,0,368,1489,186187073.0,100424.53,59553.5,178056584.0,72633.5,0,0,2356.74,273195.55,1,MID_INCOME
35,36,Tract00_055,40.02,40.2,0.08,36692.64,2778,2000 Tract 40.02,1760,178,0.06,2600,0.94,-238,22,-287,11,120,-74,-6,-7.89,3016,2778,-238,-0.08,1841,317,7,215,0,9,317,620,0.35,40.2, ,73,181,6,15,21,34,254,0,0,0,0,0,0,353,1077,126332228.0,74400.61,48403.5,127183432.0,59919.5,0,0,2132.69,196078.67,1,MID_INCOME
36,37,Tract00_056,87.02,87.2,0.2,9808.54,1916,2000 Tract 87.02,726,460,0.24,1456,0.76,-179,12,-252,33,6,29,66,-8.54,2095,1916,-179,-0.09,42,1743,13,5,0,11,71,235,0.32,87.2, ,50,84,12,45,100,92,134,0,0,0,0,0,0,58,285,17028955.0,28287.3,22572.0,15630713.0,26436.0,0,0,3708.7,505943.75,21,LOW_INCOME
37,38,Tract00_152,8.02,8.2,0.93,3031.42,2806,2000 Tract 8.02,1348,347,0.12,2459,0.88,115,27,-3,7,112,0,24,4.27,2691,2806,115,0.04,2304,87,3,196,0,10,163,749,0.56,8.2, ,168,273,11,14,41,43,441,1,1,0,275000,275000,0,248,550,151191673.0,124437.59,63914.0,165931018.0,76966.0,0,0,6538.66,2397407.04,13,MID_INCOME
38,39,Tract00_060,42.01,42.1,0.08,42958.46,3392,2000 Tract 42.01,2160,163,0.05,3229,0.95,-272,335,-435,28,68,-252,-135,-7.42,3664,3392,-272,-0.07,2368,465,8,140,2,13,297,749,0.35,42.1, ,50,176,8,33,27,41,226,0,0,0,0,0,0,530,1295,134578653.0,70239.38,49433.0,144823411.0,59536.0,0,0,1842.84,204500.42,6,MID_INCOME
39,40,Tract00_061,87.01,87.1,0.15,16269.2,2415,2000 Tract 87.01,761,622,0.26,1793,0.74,-388,10,-393,8,2,20,21,-13.84,2803,2415,-388,-0.14,34,2284,1,15,0,0,50,492,0.65,87.1, ,66,92,11,39,106,172,158,0,0,0,0,0,0,63,212,29708610.0,34226.51,25707.5,25616626.0,29655.5,0,0,2699.93,384456.22,21,LOW_INCOME
40,41,Tract00_183,96.01,96.1,0.8,2910.99,2343,2000 Tract 96.01,738,914,0.39,1429,0.61,944,1,936,10,12,6,11,67.48,1399,2343,944,0.67,11,2289,10,7,0,0,6,325,0.44,96.1, ,76,99,21,23,205,133,175,0,0,0,0,0,0,18,163,25056387.0,31281.38,24064.0,22361527.0,28553.5,0,0,6684.48,2084648.82,29,LOW_INCOME
41,42,Tract00_153,2.02,2.2,0.47,8201.61,3850,2000 Tract 2.02,1916,315,0.08,3535,0.92,211,111,11,4,116,9,46,5.8,3639,3850,211,0.06,3314,60,2,201,1,14,190,1080,0.56,2.2, ,159,408,11,22,27,30,567,0,0,0,0,0,0,462,797,238180729.0,176560.96,80963.0,225030623.0,101727.5,0,0,6522.36,1215787.5,4,MID_HIGH_INCOME
42,43,Tract00_064,88.04,88.4,0.3,7497.28,2277,2000 Tract 88.04,1031,615,0.27,1662,0.73,-817,1,-819,22,4,-3,11,-26.41,3094,2277,-817,-0.26,5,2211,11,9,1,1,11,233,0.23,88.4, ,43,96,33,42,168,145,139,0,0,0,0,0,0,73,431,21187081.0,26092.46,22130.0,19336559.0,26717.0,0,0,3901.32,786605.77,23,LOW_INCOME
43,44,Tract00_065,33.02,33.2,0.08,23865.41,1830,2000 Tract 33.02,643,415,0.23,1415,0.77,-161,-30,-163,9,24,14,31,-8.09,1991,1830,-161,-0.08,63,1664,2,22,0,2,52,381,0.59,33.2, ,56,95,18,34,77,103,151,0,0,0,0,0,0,93,167,37066299.0,48771.45,36876.0,34202365.0,44274.0,0,0,1890.93,198612.84,21,MID_INCOME
44,45,Tract00_066,42.02,42.2,0.08,35906.04,2889,2000 Tract 42.02,1908,130,0.04,2759,0.96,283,310,-88,12,171,-40,-7,10.86,2606,2889,283,0.11,2025,207,4,273,2,13,272,522,0.27,42.2, ,65,207,2,26,11,30,272,0,0,0,0,0,0,317,1250,110531149.0,73983.37,50004.5,113191844.0,62772.5,0,0,2102.83,208395.59,6,MID_INCOME
45,46,Tract00_182,78.06,78.6,0.28,7754.11,2133,2000 Tract 78.06,900,523,0.25,1610,0.75,-252,-8,-241,7,2,1,4,-10.57,2385,2133,-252,-0.11,8,2087,7,4,0,1,13,425,0.47,78.6, ,70,129,32,35,118,126,199,2,2,0,146150,146150,0,67,323,25529972.0,30759.0,25798.5,22863705.0,27918.0,0,0,4157.27,712452.22,31,LOW_INCOME
46,47,Tract00_076,53.02,53.2,0.11,1559.02,175,2000 Tract 53.02,123,2,0.01,173,0.99,-9,2,-11,3,4,13,1,-4.89,184,175,-9,-0.05,130,7,0,8,0,0,23,81,0.66,53.2, ,2,19,0,2,0,1,21,82,0,82,16098043,0,16098043,20,79,41256035.0,238474.19,61414.0,43296410.0,60401.5,0,0,2690.54,290740.1,6,MID_INCOME
47,48,Tract00_077,54.01,54.1,0.12,12684.37,1462,2000 Tract 54.01,951,13,0.01,1449,0.99,374,289,2,5,109,29,14,34.38,1088,1462,374,0.34,1066,73,3,166,8,2,110,143,0.15,54.1, ,6,64,1,10,2,8,70,0,0,0,0,0,0,154,706,49092416.0,96071.26,48858.0,67320896.0,62070.0,0,0,2523.59,298521.5,6,MID_INCOME
48,49,Tract00_079,49.02,49.2,0.1,22438.16,2286,2000 Tract 49.02,1008,543,0.24,1743,0.76,712,187,393,28,36,208,120,45.24,1574,2286,712,0.45,246,1341,4,52,0,8,610,102,0.1,49.2, ,108,74,25,46,129,71,182,0,0,0,0,0,0,146,409,48846910.0,49240.84,35150.0,44909197.0,41528.0,0,0,2052.3,263861.62,7,MID_INCOME
49,50,Tract00_080,48.02,48.2,0.11,25647.25,2853,2000 Tract 48.02,1154,734,0.26,2119,0.74,-237,-10,-492,22,203,96,78,-7.67,3090,2853,-237,-0.08,149,2155,6,333,0,6,174,172,0.15,48.2, ,103,128,16,42,224,139,231,2,0,2,71715,0,71715,95,407,42851004.0,34008.73,26727.5,37853540.0,30076.0,0,0,2192.28,288105.28,7,LOW_INCOME
50,51,Tract00_081,96.02,96.2,0.52,5921.38,3106,2000 Tract 96.02,1302,1115,0.36,1991,0.64,634,3,609,20,11,27,11,25.65,2472,3106,634,0.26,8,3035,5,5,2,0,31,103,0.08,96.2, ,79,77,26,30,424,188,156,0,0,0,0,0,0,70,408,26282422.0,25467.46,22584.5,24300702.0,26314.0,0,0,4603.39,1358568.35,30,LOW_INCOME
51,52,Tract00_083,88.02,88.2,0.18,22839.57,4160,2000 Tract 88.02,1639,1074,0.26,3086,0.74,-612,36,-650,39,12,15,10,-12.82,4772,4160,-612,-0.13,49,3980,11,9,0,1,57,761,0.46,88.2, ,85,229,46,68,203,269,314,0,0,0,0,0,0,118,621,47721762.0,30261.1,24674.0,42330307.0,28226.0,0,0,2848.61,471753.44,23,LOW_INCOME
52,53,Tract00_085,89.03,89.3,0.12,20462.89,2396,2000 Tract 89.03,1040,637,0.27,1759,0.73,-961,15,-972,-1,8,17,15,-28.63,3357,2396,-961,-0.29,13,2315,2,13,0,1,35,330,0.32,89.3, ,54,117,33,51,177,151,171,0,0,0,0,0,0,67,390,27371506.0,25509.33,21625.0,25012562.0,25570.0,0,0,2988.68,303255.51,23,LOW_INCOME
53,54,Tract00_088,89.04,89.4,0.18,18427.32,3248,2000 Tract 89.04,1440,926,0.29,2322,0.71,-615,17,-637,13,9,-2,16,-15.92,3863,3248,-615,-0.16,27,3140,16,1,0,4,35,161,0.11,89.4, ,74,108,34,52,294,207,182,0,0,0,0,0,0,88,583,30357860.0,23138.61,20269.0,25919022.0,23373.0,0,0,3121.61,456509.13,23,LOW_INCOME
54,55,Tract00_181,78.07,78.7,0.21,9312.41,1911,2000 Tract 78.07,733,503,0.26,1408,0.74,-304,-9,-277,9,3,-12,-2,-13.72,2215,1911,-304,-0.14,8,1850,4,5,0,1,23,323,0.44,78.7, ,51,103,23,38,114,148,154,1,1,0,65392,65392,0,44,212,21697977.0,29440.95,25432.0,19199607.0,29075.5,0,0,3311.69,531501.09,31,LOW_INCOME
55,56,Tract00_090,78.09,78.9,0.2,13024.37,2667,2000 Tract 78.09,1142,652,0.24,2015,0.76,-134,29,-173,18,0,23,15,-4.78,2801,2667,-134,-0.05,31,2581,4,1,0,0,31,655,0.57,78.9, ,78,145,21,41,175,184,223,1,1,0,45000,45000,0,72,426,30108487.0,29118.46,24441.0,27477899.0,27992.0,0,0,3848.76,530364.25,31,LOW_INCOME
56,57,Tract00_093,57.01,57.1,0.15,28598.6,4361,2000 Tract 57.01,1292,29,0.01,4332,0.99,-795,-1097,71,0,260,19,43,-15.42,5156,4361,-795,-0.15,3132,291,7,651,10,10,201,89,0.07,57.1, ,11,48,2,16,3,13,59,0,0,0,0,0,0,226,973,14500952.0,34526.08,26498.5,15402827.0,38211.5,0,0,2716.98,394947.91,5,LOW_INCOME
57,58,Tract00_094,78.03,78.3,0.39,7940.01,3092,2000 Tract 78.03,1303,756,0.24,2336,0.76,-984,32,-998,4,2,14,10,-24.14,4076,3092,-984,-0.24,33,2995,2,5,0,1,32,633,0.49,78.3,Boundary Change,73,187,34,57,167,212,260,1,1,0,23760,23760,0,76,497,42115487.0,31689.61,27911.0,38299724.0,30868.0,0,0,4524.62,1008588.74,30,LOW_INCOME
58,59,Tract00_096,78.04,78.4,0.33,10297.69,3390,2000 Tract 78.04,1157,1048,0.31,2342,0.69,-232,-10,-208,2,6,2,13,-6.4,3622,3390,-232,-0.06,21,3316,5,5,0,0,19,491,0.42,78.4,Boundary Change,63,140,36,37,306,183,203,1,1,0,78000,78000,0,47,345,30553413.0,30191.12,23147.5,27378483.0,26841.0,0,0,4549.09,852630.67,31,LOW_INCOME
59,60,Tract00_097,57.02,57.2,0.1,0.0,0,2000 Tract 57.02,0,0,0.0,0,0.0,-16,-10,-6,0,0,-2,0,-100.0,16,0,-16,-1.0,0,0,0,0,0,0,0,0,0.0,57.2, ,0,0,0,0,0,0,0,0,0,0,0,0,0,0,0,2323894.0,129105.22,87736.0,2397084.0,151185.0,0,0,2261.39,266718.16,5,MID_HIGH_INCOME
60,61,Tract00_098,83.01,83.1,0.12,19113.76,2243,2000 Tract 83.01,1162,217,0.1,2026,0.9,-103,36,-171,17,49,23,14,-4.39,2346,2243,-103,-0.04,1300,752,6,62,1,8,74,609,0.52,83.1, ,72,197,6,21,31,56,269,0,0,0,0,0,0,271,508,82321222.0,79078.98,57367.0,77003241.0,68620.0,0,0,2368.87,303941.26,25,MID_INCOME
61,62,Tract00_099,83.02,83.2,0.1,19420.17,1956,2000 Tract 83.02,885,255,0.13,1701,0.87,-8,62,-70,11,23,12,10,-0.41,1964,1956,-8,-0.0,1047,778,2,31,1,2,60,515,0.58,83.2, ,78,152,8,28,24,56,230,0,0,0,0,0,0,174,365,72796458.0,77443.04,55101.0,69520318.0,66869.0,0,0,2372.86,260872.23,25,MID_INCOME
62,63,Tract00_175,76.03,76.3,0.48,8864.77,4255,2000 Tract 76.03,2138,875,0.21,3380,0.79,-214,-465,315,34,-5,-64,-11,-4.79,4469,4255,-214,-0.05,265,3850,9,21,0,4,52,1056,0.49,76.3, ,156,320,43,60,252,231,476,0,0,0,0,0,0,104,972,87914118.0,46173.38,35907.5,75235327.0,39669.0,0,0,5010.05,1243169.62,35,MID_INCOME
63,64,Tract00_139,74.07,74.7,0.24,9941.77,2373,2000 Tract 74.07,898,784,0.33,1589,0.67,-774,25,-799,20,6,2,-6,-24.6,3147,2373,-774,-0.25,25,2293,8,8,0,0,25,308,0.34,74.7, ,79,111,32,37,213,129,190,0,0,0,0,0,0,51,246,27587429.0,30652.7,27488.5,25308982.0,30162.0,0,0,4807.99,618212.12,37,LOW_INCOME
64,65,Tract00_174,75.02,75.2,0.25,16966.12,4221,2000 Tract 75.02,1578,1445,0.34,2776,0.66,-173,-30,-126,23,17,-6,13,-3.94,4394,4221,-173,-0.04,42,4077,3,6,0,3,34,249,0.16,75.2, ,101,112,42,50,427,185,213,0,0,0,0,0,0,85,576,38218943.0,28736.05,23938.0,34295034.0,28529.0,0,0,4939.8,644372.92,36,LOW_INCOME
66,67,Tract00_141,74.06,74.6,0.14,22615.46,3227,2000 Tract 74.06,954,1545,0.48,1682,0.52,824,5,821,6,3,9,0,34.29,2403,3227,824,0.34,5,3187,5,0,0,0,22,44,0.05,74.6, ,71,43,29,27,477,163,114,0,0,0,0,0,0,23,121,20975882.0,23489.23,19765.0,18727730.0,23445.0,0,0,2591.04,369568.44,37,LOW_INCOME
67,68,Tract00_172,74.08,74.8,0.15,14873.31,2166,2000 Tract 74.08,768,898,0.41,1268,0.59,-903,-39,-853,12,0,-18,-6,-29.42,3069,2166,-903,-0.29,3,2136,0,0,0,0,10,92,0.12,74.8, ,45,64,21,30,273,97,109,0,0,0,0,0,0,39,199,18664369.0,22299.13,19970.0,17539493.0,23629.0,0,0,3795.1,377173.85,36,LOW_INCOME
68,69,Tract00_142,74.04,74.4,0.31,10603.44,3314,2000 Tract 74.04,947,1604,0.48,1710,0.52,-800,18,-813,12,1,26,8,-19.45,4114,3314,-800,-0.19,11,3256,2,0,0,0,30,67,0.07,74.4, ,50,47,24,18,452,150,97,0,0,0,0,0,0,31,175,21850437.0,23000.46,20349.0,19930246.0,24038.0,0,0,4958.71,809479.69,38,LOW_INCOME
69,70,Tract00_173,74.03,74.3,0.13,18224.89,2308,2000 Tract 74.03,862,828,0.36,1480,0.64,-141,18,-151,7,0,-1,5,-5.76,2449,2308,-141,-0.06,10,2250,6,1,0,9,14,115,0.13,74.3, ,57,72,35,29,253,134,129,0,0,0,0,0,0,65,217,24626629.0,24875.38,22928.0,22533743.0,26513.5,0,0,3225.82,328003.27,38,LOW_INCOME
70,71,Tract00_100,84.02,84.2,0.1,14536.68,1506,2000 Tract 84.02,1114,389,0.26,1117,0.74,-1257,-507,-730,7,-16,-27,26,-45.49,2763,1506,-1257,-0.45,51,1368,5,8,0,5,39,418,0.38,84.2, ,46,105,19,20,56,96,151,0,0,0,0,0,0,152,620,47048584.0,53403.61,39242.0,43911129.0,46246.0,0,0,2657.32,268335.87,26,MID_INCOME
71,72,Tract00_106,96.04,96.4,0.21,9364.96,1982,2000 Tract 96.04,944,362,0.18,1620,0.82,-282,9,-289,10,1,-1,3,-12.46,2264,1982,-282,-0.12,9,1935,7,1,0,0,17,668,0.71,96.4, ,36,156,14,49,94,172,192,0,0,0,0,0,0,53,370,32347731.0,34745.15,30758.0,28702698.0,32970.0,0,0,3080.45,548149.08,32,MID_INCOME
72,73,Tract00_107,96.03,96.3,0.25,13057.89,3230,2000 Tract 96.03,1613,677,0.21,2553,0.79,-101,1,-81,9,13,-1,2,-3.03,3331,3230,-101,-0.03,12,3138,7,8,2,1,29,489,0.3,96.3, ,88,199,37,53,193,213,287,0,0,0,0,0,0,68,762,42626708.0,30146.19,26859.0,38654227.0,30446.5,0,0,3920.21,640668.6,32,LOW_INCOME
73,74,Tract00_109,80.02,80.2,0.22,13906.81,3104,2000 Tract 80.02,1498,540,0.17,2564,0.83,-477,-23,-429,15,21,8,1,-13.32,3581,3104,-477,-0.13,767,2208,3,20,4,6,48,722,0.48,80.2, ,102,203,25,52,114,158,305,0,0,0,0,0,0,187,657,88292909.0,63292.41,48762.0,81882721.0,55279.5,0,0,3883.63,578091.23,26,MID_INCOME
74,75,Tract00_112,68.01,68.1,0.09,21152.42,1997,2000 Tract 68.01,875,417,0.21,1580,0.79,-421,-46,-351,13,2,-27,-7,-17.41,2418,1997,-421,-0.17,106,1840,3,8,0,1,20,432,0.49,68.1, ,42,115,20,30,75,133,157,0,0,0,0,0,0,69,391,35300947.0,43527.68,34625.0,31680438.0,39615.5,0,0,2063.05,244519.69,26,MID_INCOME
75,76,Tract00_114,77.03,77.3,0.39,11820.0,4615,2000 Tract 77.03,1834,1564,0.34,3051,0.66,-1049,-7,-1063,23,13,21,35,-18.52,5664,4615,-1049,-0.19,24,4419,12,6,3,1,104,382,0.21,77.3, ,111,176,54,48,479,265,287,5,5,0,328425,328425,0,76,625,53075538.0,27861.17,24661.0,49161742.0,27831.0,0,0,4509.71,1011244.08,32,LOW_INCOME
76,77,Tract00_115,99.06,99.6,0.1,16191.37,1550,2000 Tract 99.06,697,399,0.26,1151,0.74,-403,3,-402,9,4,-2,2,-20.64,1953,1550,-403,-0.21,10,1508,1,3,1,0,12,218,0.31,99.6, ,22,85,26,32,134,103,107,0,0,0,0,0,0,31,264,18379439.0,27805.51,24502.0,17125878.0,28932.5,0,0,2139.27,247941.04,33,LOW_INCOME
77,78,Tract00_179,99.03,99.3,0.15,14119.0,2081,2000 Tract 99.03,847,660,0.32,1421,0.68,-1056,13,-1067,20,7,2,6,-33.66,3137,2081,-1056,-0.34,3,2037,8,1,0,0,12,348,0.41,99.3, ,32,118,12,25,134,132,150,0,0,0,0,0,0,26,368,19459263.0,33960.32,29652.0,17967011.0,33310.0,0,0,3248.82,381741.55,33,LOW_INCOME
78,79,Tract00_116,99.04,99.4,0.16,11359.06,1863,2000 Tract 99.04,777,574,0.31,1289,0.69,-1460,17,-1468,7,7,6,-2,-43.94,3323,1863,-1460,-0.44,12,1810,6,0,2,0,17,81,0.1,99.4, ,35,81,28,29,176,101,116,0,0,0,0,0,0,55,272,14105124.0,23123.15,20607.5,12650130.0,23166.0,0,0,2988.06,424787.42,33,LOW_INCOME
79,80,Tract00_178,99.05,99.5,0.17,15813.79,2670,2000 Tract 99.05,1041,859,0.32,1811,0.68,-499,7,-508,6,10,3,8,-15.75,3169,2670,-499,-0.16,13,2623,0,4,0,2,9,395,0.38,99.5, ,71,132,31,45,215,154,203,2,2,0,70000,70000,0,53,340,26482114.0,26967.53,22693.0,24386768.0,27321.5,0,0,2925.86,437287.42,33,LOW_INCOME
80,81,Tract00_120,60.01,60.1,0.25,10685.81,2680,2000 Tract 60.01,1684,253,0.09,2427,0.91,607,-158,667,34,114,38,152,29.28,2073,2680,607,0.29,651,1532,12,129,0,25,154,270,0.16,60.1, ,76,177,20,26,58,59,253,0,0,0,0,0,0,162,1106,64917693.0,53298.6,44386.5,60008823.0,52888.0,0,0,3702.26,649578.7,9,MID_INCOME
81,82,Tract00_122,68.02,68.2,0.11,18929.81,2066,2000 Tract 68.02,855,407,0.2,1659,0.8,-288,-42,-240,22,-3,-5,9,-12.23,2354,2066,-288,-0.12,241,1746,7,9,5,1,28,550,0.64,68.2, ,69,121,9,35,90,128,190,0,0,0,0,0,0,94,309,47867741.0,51526.09,39301.0,46798010.0,46309.0,0,0,2547.99,282682.49,26,MID_INCOME
82,83,Tract00_123,99.07,99.7,0.18,16846.95,3037,2000 Tract 99.07,1040,1199,0.39,1838,0.61,-60,15,-82,1,6,20,10,-1.94,3097,3037,-60,-0.02,18,2980,1,2,1,0,25,280,0.27,99.7, ,65,122,28,25,350,197,187,0,0,0,0,0,0,30,223,24002437.0,25920.56,21880.5,21952976.0,25443.0,0,0,3177.0,466899.6,33,LOW_INCOME
83,84,Tract00_126,71.0,71.0,0.29,9821.21,2818,2000 Tract 71,1103,985,0.35,1833,0.65,-62,-61,-33,6,45,-5,35,-2.15,2880,2818,-62,-0.02,224,2403,8,55,1,12,82,334,0.3,71.0, ,71,74,23,12,306,124,145,1,1,0,50000,50000,0,118,375,32556114.0,35894.28,27384.0,29512629.0,31681.0,0,0,3932.54,743151.85,27,LOW_INCOME
84,85,Tract00_128,72.0,72.0,0.64,2863.69,1825,2000 Tract 72,845,565,0.31,1260,0.69,-264,-305,43,4,5,8,6,-12.64,2089,1825,-264,-0.13,56,1721,2,7,2,0,22,29,0.03,72.0, ,25,51,9,21,193,100,76,0,0,0,0,0,0,35,411,1838471.0,26263.87,19240.0,1561512.0,20256.0,0,0,5415.53,1650591.9,27,LOW_INCOME
85,86,Tract00_132,64.0,64.0,0.37,6116.37,2240,2000 Tract 64,961,633,0.28,1607,0.72,-276,40,-362,11,46,25,37,-10.97,2516,2240,-276,-0.11,71,2027,4,45,0,2,60,138,0.14,64.1,Number Change,28,78,19,30,218,192,106,0,0,0,0,0,0,39,357,17503568.0,24863.02,18357.5,15375298.0,22174.5,0,0,4750.58,948527.76,9,LOW_INCOME
86,87,Tract00_169,97.0,97.0,0.16,14491.03,2309,2000 Tract 97,844,817,0.35,1492,0.65,-2104,2,-2090,-1,5,-12,0,-47.68,4413,2309,-2104,-0.48,3,2279,1,2,0,2,2,341,0.4,97.0, ,68,94,32,27,240,130,162,0,0,0,0,0,0,57,196,37852197.0,32324.68,26852.0,34208852.0,31130.5,0,0,3395.59,412681.26,39,LOW_INCOME
87,88,Tract00_125,99.01,99.1,0.81,2836.51,2302,2000 Tract 99.01,1014,337,0.15,1965,0.85,-336,-114,-212,21,-1,13,12,-12.74,2638,2302,-336,-0.13,91,2148,4,0,2,1,31,867,0.86,99.1, ,76,351,13,36,55,134,427,1,1,0,200000,200000,0,42,307,60268717.0,57180.95,47329.0,57990181.0,55047.0,0,0,5944.72,2101946.45,34,MID_INCOME
88,89,Tract00_127,77.09,77.9,0.35,5633.52,1979,2000 Tract 77.09,950,463,0.23,1516,0.77,-364,-69,-283,18,8,-6,-10,-15.54,2343,1979,-364,-0.16,29,1878,6,8,0,1,35,299,0.31,77.9, ,56,105,22,28,130,109,161,0,0,0,0,0,0,66,434,27328907.0,31667.33,26041.0,24180741.0,28385.0,0,0,4497.71,909841.92,34,LOW_INCOME
89,90,Tract00_177,77.07,77.7,0.33,11502.68,3796,2000 Tract 77.07,1478,1044,0.28,2752,0.72,-402,1,-391,40,6,-3,-3,-9.58,4198,3796,-402,-0.1,22,3698,8,8,0,1,15,876,0.59,77.7, ,116,263,28,70,260,237,379,0,0,0,0,0,0,66,438,50221524.0,33548.11,27606.0,46739459.0,31279.0,0,0,4481.21,854736.36,33,LOW_INCOME
90,91,Tract00_176,99.02,99.2,0.5,5931.55,2993,2000 Tract 99.02,1194,664,0.22,2329,0.78,-302,-16,-274,2,16,13,8,-9.16,3295,2993,-302,-0.09,49,2869,5,2,2,3,29,898,0.75,99.2, ,97,272,17,44,131,232,369,0,0,0,0,0,0,41,360,47013176.0,37282.46,32936.0,43916609.0,36370.5,0,0,5356.87,1306896.49,34,MID_INCOME
91,92,Tract00_129,60.02,60.2,0.06,9435.13,608,2000 Tract 60.02,148,312,0.51,296,0.49,-183,-1,-189,8,5,-7,1,-23.14,791,608,-183,-0.23,7,581,3,2,0,0,8,4,0.03,60.2, ,14,3,2,1,70,46,17,0,0,0,0,0,0,2,10,2710650.0,17951.32,15650.0,2476177.0,18892.0,0,0,1688.37,166905.84,9,LOW_INCOME
92,93,Tract00_130,76.01,76.1,0.49,9376.35,4572,2000 Tract 76.01,1878,1120,0.24,3452,0.76,-654,-94,-545,12,-7,19,19,-12.51,5226,4572,-654,-0.13,108,4367,7,3,0,2,57,834,0.44,76.1, ,134,277,47,81,267,299,411,0,0,0,0,0,0,117,656,58701354.0,31492.14,25778.0,54274171.0,30075.5,0,0,4751.11,1262909.88,34,LOW_INCOME
93,94,Tract00_131,63.01,63.1,0.14,27210.59,3822,2000 Tract 63.01,2504,435,0.11,3387,0.89,99,-358,447,35,51,64,76,2.66,3723,3822,99,0.03,1361,2094,14,67,0,13,169,1469,0.59,63.1, ,78,315,19,26,137,135,393,0,0,0,0,0,0,145,1649,126652468.0,68313.09,52720.0,118065764.0,58085.0,0,0,2646.02,363786.9,9,MID_INCOME
94,95,Tract00_133,76.04,76.4,0.53,7129.33,3764,2000 Tract 76.04,1747,841,0.22,2923,0.78,-523,-90,-426,18,2,-35,4,-12.2,4287,3764,-523,-0.12,138,3546,7,13,0,13,22,643,0.37,76.4, ,128,261,37,61,224,215,389,1,1,0,100000,100000,0,117,704,64471797.0,41973.83,31557.5,58431109.0,36647.0,0,0,5311.7,1367407.11,35,MID_INCOME
95,96,Tract00_025,6.0,6.0,0.56,8830.76,4919,2000 Tract 6,2144,638,0.13,4281,0.87,-41,-256,240,14,63,-97,8,-0.83,4960,4919,-41,-0.01,3669,623,13,176,0,21,331,1375,0.64,6.0, ,328,440,8,13,33,58,768,1,1,0,537000,537000,0,261,1003,320496933.0,149764.92,64058.0,372544504.0,77987.0,0,0,5202.28,1442696.58,15,MID_INCOME
96,97,Tract00_029,32.0,32.0,0.17,26238.73,4480,2000 Tract 32,1554,1202,0.27,3278,0.73,-381,203,-772,41,6,350,293,-7.84,4861,4480,-381,-0.08,69,3628,25,9,0,5,670,864,0.56,32.0, ,169,208,31,72,235,280,377,0,0,0,0,0,0,123,436,59583903.0,30602.93,24249.0,53901911.0,28908.0,0,0,2989.7,442212.69,2,LOW_INCOME
97,98,Tract00_030,29.0,29.0,0.12,35913.92,4189,2000 Tract 29,1394,1059,0.25,3130,0.75,98,448,-1084,55,53,1001,961,2.4,4091,4189,98,0.02,177,2227,12,46,0,15,1610,561,0.4,29.0, ,206,149,52,65,130,164,355,0,0,0,0,0,0,193,435,60110281.0,36652.61,26183.0,54802450.0,30374.0,0,0,2350.52,302098.38,2,LOW_INCOME
98,99,Tract00_039,4.0,4.0,0.62,2436.43,1510,2000 Tract 4,649,221,0.15,1289,0.85,191,144,21,-1,14,9,57,14.48,1319,1510,191,0.14,1189,66,1,88,0,2,123,441,0.68,4.0, ,113,201,0,7,6,20,314,0,0,0,0,0,0,64,238,173381288.0,341301.75,64233.0,154944162.0,83773.5,0,0,5830.67,1605178.32,15,MID_INCOME
99,100,Tract00_040,30.0,30.0,0.08,34947.5,2829,2000 Tract 30,1039,861,0.3,1968,0.7,187,217,-233,6,41,347,234,7.08,2642,2829,187,0.07,213,1873,5,27,0,6,663,245,0.24,30.0, ,108,83,24,39,228,112,191,0,0,0,0,0,0,113,332,44475997.0,38742.16,26903.5,39460019.0,32762.0,0,0,1853.64,209650.59,2,LOW_INCOME
100,101,Tract00_185,90.0,90.0,0.57,3974.08,2263,2000 Tract 90,1449,307,0.14,1956,0.86,81,-14,104,17,5,-7,10,3.71,2182,2263,81,0.04,13,2184,6,3,0,2,27,457,0.32,90.1,Number Change,57,131,7,32,86,119,188,0,0,0,0,0,0,34,983,30950115.0,41321.92,33476.0,27588267.0,38227.0,0,0,5486.94,1474849.43,24,MID_INCOME
101,102,Tract00_041,39.0,39.0,0.15,30036.23,4643,2000 Tract 39,2854,376,0.08,4267,0.92,50,607,-474,46,148,-71,-66,1.09,4593,4643,50,0.01,2502,864,19,242,4,13,876,736,0.26,39.0, ,133,288,12,34,53,96,421,0,0,0,0,0,0,472,1766,142805712.0,55653.04,43192.0,137029005.0,51561.0,0,0,3302.24,400359.82,1,MID_INCOME
102,103,Tract00_042,34.0,34.0,0.41,10255.36,4249,2000 Tract 34,1058,543,0.13,3706,0.87,-331,79,-406,25,30,25,57,-7.23,4580,4249,-331,-0.07,112,3867,4,31,0,15,129,351,0.33,34.0, ,42,92,17,45,143,134,134,12,12,0,540000,540000,0,134,451,34486350.0,39233.62,28841.0,32946023.0,35791.0,0,0,4741.43,1073095.92,3,LOW_INCOME
103,104,Tract00_045,35.0,35.0,0.15,23726.51,3498,2000 Tract 35,834,494,0.14,3004,0.86,1276,135,1006,31,48,220,215,57.43,2222,3498,1276,0.57,84,2895,8,32,0,5,371,233,0.28,35.0, ,57,76,12,38,81,101,133,0,0,0,0,0,0,65,404,27171352.0,29727.96,22806.0,24827562.0,28007.0,0,0,2982.5,381843.23,3,LOW_INCOME
104,105,Tract00_048,37.0,37.0,0.11,44116.35,4990,2000 Tract 37,1792,1163,0.23,3827,0.77,-450,679,-1084,22,60,437,53,-8.27,5440,4990,-450,-0.08,428,2729,13,93,0,20,1629,161,0.09,37.0, ,174,138,41,76,309,140,312,0,0,0,0,0,0,220,694,64438008.0,36099.72,26428.0,58389340.0,30778.5,0,0,2320.13,292953.75,2,LOW_INCOME
105,106,Tract00_050,38.0,38.0,0.14,34342.7,4718,2000 Tract 38,2445,790,0.17,3928,0.83,217,601,-641,36,94,375,350,4.82,4501,4718,217,0.05,1652,1467,20,142,2,10,1307,536,0.22,38.0, ,168,214,35,49,148,102,382,17,0,17,731150,0,731150,396,1333,137575702.0,58767.92,39346.0,130491775.0,46043.5,0,0,2708.31,355806.49,1,MID_INCOME
106,107,Tract00_054,3.0,3.0,0.41,14034.83,5706,2000 Tract 3,2784,489,0.09,5217,0.91,-32,-161,3,20,191,40,74,-0.56,5738,5706,-32,-0.01,4727,170,7,327,2,17,324,1331,0.48,3.1,Number Change,261,506,12,35,52,67,767,1,1,0,188876,188876,0,674,1177,269137973.0,104560.21,52394.0,271067501.0,64574.0,0,0,4104.81,1052993.84,14,MID_INCOME
107,108,Tract00_057,41.0,41.0,0.31,8310.16,2570,2000 Tract 41,1585,159,0.06,2411,0.94,-229,-172,-20,7,32,-33,-25,-8.18,2799,2570,-229,-0.08,2083,95,2,162,4,7,175,771,0.49,41.0, ,79,346,3,9,3,21,425,0,0,0,0,0,0,193,931,237514138.0,191081.37,66980.0,268324497.0,84529.0,0,0,3800.39,800980.73,1,MID_HIGH_INCOME
108,109,Tract00_058,44.0,44.0,0.2,12853.1,2589,2000 Tract 44,1144,403,0.16,2186,0.84,-359,349,-705,12,32,-8,39,-20.56,1746,2589,-359,-0.12,634,1502,7,50,0,10,325,515,0.45,44.0,Tracts Combined,71,132,14,42,70,102,203,3,0,3,100000,0,100000,255,458,125675000.0,69819.44,51706.5,122685337.0,63285.0,0,0,2944.72,521700.64,3,MID_INCOME
109,110,Tract00_059,43.0,43.0,0.09,36011.38,3290,2000 Tract 43,1755,517,0.16,2773,0.84,7,347,-449,30,50,244,188,0.21,3283,3290,7,0.0,1107,1266,11,67,7,9,732,434,0.25,43.0, ,101,138,26,39,104,83,239,0,0,0,0,0,0,279,985,92674636.0,55065.14,40148.0,97116292.0,46407.0,0,0,2045.43,236629.1,3,MID_INCOME
110,111,Tract00_068,46.0,46.0,0.17,17754.74,2997,2000 Tract 46,1081,805,0.27,2192,0.73,-626,-65,-602,17,28,5,54,-17.28,3623,2997,-626,-0.17,76,2688,14,39,1,3,144,494,0.46,46.0, ,77,95,27,43,179,181,172,0,0,0,0,0,0,108,371,42335170.0,37038.64,28020.0,40189671.0,33100.5,0,0,2890.68,437179.89,21,LOW_INCOME
111,112,Tract00_069,55.0,55.0,0.24,19220.69,4696,2000 Tract 55,3273,142,0.03,4554,0.97,623,363,87,22,239,41,52,15.3,4073,4696,623,0.15,3531,377,15,386,1,15,271,1102,0.34,55.1,Tracts Combined,74,343,8,18,10,37,417,0,0,0,0,0,0,464,2319,233932343.0,100142.27,58711.5,246144892.0,73143.0,0,0,3982.84,632777.45,5,MID_INCOME
112,113,Tract00_092,58.0,58.0,0.35,4157.59,1470,2000 Tract 58,925,96,0.07,1374,0.93,683,664,49,2,-24,18,13,86.78,787,1470,683,0.87,697,199,1,490,1,3,62,215,0.23,58.0, ,47,177,5,15,6,15,224,0,0,0,0,0,0,43,617,104490432.0,92963.02,66217.0,107534943.0,86001.0,0,0,4132.85,915740.24,8,MID_HIGH_INCOME
113,114,Tract00_095,59.0,59.0,0.25,7466.41,1856,2000 Tract 59,642,189,0.1,1667,0.9,-100,-52,-73,15,49,8,39,-5.11,1956,1856,-100,-0.05,155,1502,4,59,1,9,75,8,0.01,59.0, ,24,45,3,12,46,33,69,49,0,49,4400000,0,4400000,43,436,52478365.0,59364.67,44183.5,52654514.0,60468.5,0,0,3377.5,643814.33,8,MID_INCOME
114,115,Tract00_105,81.0,81.0,0.11,22394.54,2527,2000 Tract 81,1339,253,0.1,2274,0.9,-209,117,-339,21,17,3,45,-7.64,2736,2527,-209,-0.08,1511,813,5,43,2,17,75,695,0.52,81.1,Number Change,92,254,14,34,20,57,346,5,5,0,950000,950000,0,229,639,107888708.0,83894.8,57799.5,107527630.0,68658.0,0,0,2331.49,292261.31,25,MID_INCOME
115,116,Tract00_108,82.0,82.0,0.13,19075.54,2505,2000 Tract 82,1525,138,0.06,2367,0.94,-190,-181,-8,22,2,10,18,-7.05,2695,2505,-190,-0.07,2151,166,17,45,4,9,79,592,0.39,82.0, ,76,229,1,17,16,23,305,0,0,0,0,0,0,280,883,99196094.0,85958.49,55675.0,98746287.0,70724.0,0,0,3038.88,340121.13,26,MID_INCOME
116,117,Tract00_110,66.0,66.0,0.11,16033.87,1837,2000 Tract 66,1057,146,0.08,1691,0.92,46,42,-12,5,35,3,12,2.57,1791,1837,46,0.03,1595,87,4,65,1,6,55,500,0.47,66.0, ,76,230,3,6,16,22,306,0,0,0,0,0,0,188,516,78310811.0,93897.85,57740.0,77546123.0,74393.0,0,0,2661.37,296745.36,26,MID_INCOME
117,118,Tract00_111,67.0,67.0,0.17,21425.98,3543,2000 Tract 67,1877,346,0.1,3197,0.9,63,263,-196,6,31,75,45,1.81,3480,3543,63,0.02,2469,801,6,56,0,14,139,1084,0.58,67.1,Number Change,157,375,8,24,41,79,532,0,0,0,0,0,0,388,805,174645637.0,102311.45,62369.0,168983179.0,75773.0,0,0,3020.63,428276.01,26,MID_INCOME
118,119,Tract00_117,65.0,65.0,0.19,12587.05,2422,2000 Tract 65,1393,173,0.07,2249,0.93,26,-35,11,16,56,14,22,1.08,2396,2422,26,0.01,1980,230,10,85,5,6,70,570,0.41,65.1,Number Change,80,231,6,10,16,34,311,0,0,0,0,0,0,285,731,99925957.0,88744.19,62019.0,98146096.0,74461.0,0,0,3384.67,498361.63,26,MID_INCOME
119,120,Tract00_119,61.0,61.0,0.18,12996.55,2300,2000 Tract 61,1483,220,0.1,2080,0.9,242,-256,505,32,-7,43,57,11.76,2058,2300,242,0.12,699,1343,8,59,2,6,125,346,0.23,61.0, ,54,172,13,20,64,69,226,0,0,0,0,0,0,143,948,56596010.0,61651.43,51329.0,55240071.0,57866.5,0,0,3185.09,458351.03,9,MID_INCOME
120,121,Tract00_121,69.0,69.0,0.16,11704.55,1854,2000 Tract 69,971,192,0.1,1662,0.9,-224,0,-208,4,15,20,5,-10.78,2078,1854,-224,-0.11,731,988,4,32,2,2,68,554,0.57,69.0, ,52,164,10,20,29,85,216,0,0,0,0,0,0,163,448,70432468.0,71000.47,49494.5,63249585.0,59514.0,0,0,2860.3,410267.15,26,MID_INCOME
121,122,Tract00_124,70.0,70.0,0.17,12649.82,2132,2000 Tract 70,1048,169,0.08,1963,0.92,-18,-71,35,12,18,21,30,-0.84,2150,2132,-18,-0.01,1450,483,7,51,2,3,104,536,0.51,70.1,Number Change,50,192,7,18,37,38,242,0,0,0,0,0,0,229,477,86410290.0,77637.28,54294.0,84652785.0,65452.0,0,0,2949.52,436520.47,26,MID_INCOME
122,123,Tract00_164,17.01,17.1,0.24,12461.69,2968,2000 Tract 17.01,1240,593,0.2,2375,0.8,-19,50,-142,14,6,173,172,-0.64,2987,2968,-19,-0.01,274,2260,5,56,1,15,292,622,0.5,17.1, ,114,214,23,47,106,160,328,1,1,0,44000,44000,0,108,468,54513869.0,44392.4,32512.5,49959183.0,35895.0,0,0,3940.28,616849.38,17,MID_INCOME
123,124,Tract00_163,17.02,17.2,0.37,6101.71,2240,2000 Tract 17.02,975,380,0.17,1860,0.83,-364,-47,-297,25,1,40,32,-13.98,2604,2240,-364,-0.14,391,1625,6,24,0,3,128,681,0.7,17.2, ,106,234,18,26,58,89,340,0,0,0,0,0,0,86,358,64355826.0,55383.67,42923.5,61951765.0,48509.0,0,0,4890.1,950817.87,17,MID_INCOME
124,125,Tract00_002,18.03,18.3,0.45,6873.82,3066,2000 Tract 18.03,1504,591,0.19,2475,0.81,323,202,-149,29,42,461,344,11.78,2743,3066,323,0.12,171,2104,6,49,1,9,646,306,0.2,18.3, ,181,211,29,59,114,125,392,0,0,0,0,0,0,82,703,60905198.0,37619.02,26874.0,56194070.0,30926.5,0,0,4651.92,1155251.97,17,LOW_INCOME
125,126,Tract00_167,14.01,14.1,0.31,10256.24,3150,2000 Tract 14.01,1460,626,0.2,2524,0.8,73,40,20,8,79,62,3,2.37,3077,3150,73,0.02,2506,151,1,206,2,6,222,767,0.53,14.1, ,300,335,10,19,53,47,635,1,1,0,125000,125000,0,116,580,182657821.0,130190.89,58018.0,170621836.0,72305.0,0,0,4029.65,795470.25,10,MID_INCOME
126,127,Tract00_162,95.05,95.5,0.41,6559.27,2671,2000 Tract 95.05,1155,452,0.17,2219,0.83,-461,-66,-384,14,-5,23,36,-14.72,3132,2671,-461,-0.15,65,2486,2,8,0,5,62,949,0.82,95.5, ,85,298,14,43,70,207,383,0,0,0,0,0,0,32,406,57755232.0,43588.85,38622.0,54462286.0,43489.0,0,0,4618.61,1054680.06,19,MID_INCOME
127,128,Tract00_004,19.02,19.2,0.34,6083.49,2062,2000 Tract 19.02,816,347,0.17,1715,0.83,-448,6,-456,22,-1,32,50,-17.85,2510,2062,-448,-0.18,101,1833,5,7,0,1,63,670,0.82,19.2, ,79,198,7,44,49,144,277,0,0,0,0,0,0,58,237,45614951.0,50347.63,37192.5,41354905.0,44719.5,0,0,3993.63,877882.64,17,MID_INCOME
128,129,Tract00_005,19.01,19.1,0.3,13256.57,3949,2000 Tract 19.01,1511,795,0.2,3154,0.8,-434,45,-509,24,1,110,102,-9.9,4383,3949,-434,-0.1,80,3547,9,9,1,0,243,1212,0.8,19.1, ,154,347,20,61,123,291,501,0,0,0,0,0,0,73,442,75554690.0,41062.33,31852.0,67590553.0,37368.0,0,0,3676.52,771530.62,17,MID_INCOME
129,130,Tract00_006,14.02,14.2,0.35,11356.73,3925,2000 Tract 14.02,1232,464,0.12,3461,0.88,1062,727,272,33,59,55,56,37.09,2863,3925,1062,0.37,2948,550,11,141,0,11,206,833,0.68,14.2, ,238,293,4,21,32,42,531,0,0,0,0,0,0,102,500,153399794.0,119284.44,75968.0,151163181.0,88951.0,0,0,4867.87,895129.73,10,MID_HIGH_INCOME
130,131,Tract00_007,20.01,20.1,0.24,10060.32,2435,2000 Tract 20.01,1028,435,0.18,2000,0.82,10,66,-181,16,4,267,207,0.41,2425,2435,10,0.0,358,1485,3,33,2,12,496,342,0.33,20.1, ,124,141,18,38,67,111,265,1,1,0,350000,350000,0,112,417,50719222.0,50769.99,30117.0,48025140.0,33901.0,0,0,4143.17,626872.89,18,MID_INCOME
131,132,Tract00_161,95.07,95.7,0.12,12984.92,1533,2000 Tract 95.07,648,283,0.18,1250,0.82,-153,-12,-155,0,11,0,17,-9.07,1686,1533,-153,-0.09,9,1480,1,11,0,9,10,526,0.81,95.7, ,56,165,9,19,54,117,221,0,0,0,0,0,0,24,204,29914772.0,41490.67,36975.0,27840753.0,41171.0,0,0,2518.49,305788.34,19,MID_INCOME
132,133,Tract00_010,20.02,20.2,0.33,11532.71,3781,2000 Tract 20.02,1278,810,0.21,2971,0.79,-211,119,-513,36,25,404,273,-5.29,3992,3781,-211,-0.05,325,2697,14,40,2,22,583,862,0.67,20.2, ,171,246,27,62,83,210,417,0,0,0,0,0,0,113,366,76218718.0,47282.08,31811.0,68709644.0,36198.0,0,0,4380.43,849134.49,18,MID_INCOME
133,134,Tract00_011,21.01,21.1,0.23,22639.96,5233,2000 Tract 21.01,1938,1294,0.25,3939,0.75,-54,238,-714,33,51,623,534,-1.02,5287,5233,-54,-0.01,65,4188,13,45,5,10,812,842,0.43,21.1, ,209,288,60,88,205,317,497,0,0,0,0,0,0,131,640,70592381.0,31346.53,25446.0,63575823.0,29245.0,0,0,3146.97,598645.98,18,LOW_INCOME
134,135,Tract00_159,10.01,10.1,0.96,6325.72,6062,2000 Tract 10.01,2548,1242,0.2,4820,0.8,-258,-172,-42,24,31,-33,27,-4.08,6320,6062,-258,-0.04,5216,193,10,217,4,17,323,1988,0.78,10.1, ,658,727,20,36,57,77,1385,0,0,0,0,0,0,247,726,356721134.0,129528.37,83217.0,371263969.0,97920.0,0,0,6512.15,2482029.82,11,MID_HIGH_INCOME
135,136,Tract00_012,21.02,21.2,0.28,16524.53,4631,2000 Tract 21.02,2000,962,0.21,3669,0.79,-458,30,-633,37,5,202,223,-9.0,5089,4631,-458,-0.09,74,4114,14,18,2,4,345,1149,0.57,21.2, ,179,335,42,74,188,315,514,0,0,0,0,0,0,123,744,79627948.0,37560.35,30099.0,73303270.0,34322.0,0,0,3547.74,725855.74,18,MID_INCOME
136,137,Tract00_188,95.08,95.8,0.34,8295.39,2860,2000 Tract 95.08,1309,496,0.17,2364,0.83,-221,-7,-231,21,14,27,29,-7.17,3081,2860,-221,-0.07,25,2726,4,13,0,10,41,761,0.58,95.8, ,72,317,20,38,104,206,389,0,0,0,0,0,0,55,497,55009534.0,41174.8,34821.5,50986709.0,38832.0,0,0,4928.57,892947.59,19,MID_INCOME
137,138,Tract00_014,95.01,95.1,0.63,8336.24,5264,2000 Tract 95.01,1767,666,0.13,4598,0.87,-605,-303,-378,12,53,27,91,-10.31,5869,5264,-605,-0.1,1757,3107,15,111,0,21,197,306,0.17,95.1, ,114,192,46,54,184,176,306,0,0,0,0,0,0,152,849,47321396.0,33091.89,28889.0,41265780.0,32654.5,0,0,6395.64,1635483.84,19,LOW_INCOME
138,139,Tract00_015,95.09,95.9,0.25,11667.61,2898,2000 Tract 95.09,1247,540,0.19,2358,0.81,-373,-13,-322,25,-7,-6,-2,-11.4,3271,2898,-373,-0.11,47,2775,9,5,0,0,14,1151,0.92,95.9, ,120,336,11,53,86,203,456,0,0,0,0,0,0,42,396,57265457.0,42735.42,37888.5,53670022.0,43058.0,0,0,3323.31,643302.24,20,MID_INCOME
139,140,Tract00_016,22.02,22.2,0.28,10813.24,3013,2000 Tract 22.02,1259,720,0.24,2293,0.76,-284,6,-358,36,8,84,111,-8.61,3297,3013,-284,-0.09,29,2677,19,8,0,6,210,588,0.47,22.2, ,89,174,36,58,154,188,263,0,0,0,0,0,0,71,489,45507061.0,34062.17,28066.0,40472018.0,32376.0,0,0,3462.09,721667.76,19,LOW_INCOME
140,141,Tract00_027,27.01,27.1,0.18,32582.42,5742,2000 Tract 27.01,2650,856,0.15,4886,0.85,792,408,-123,74,182,597,679,16.0,4950,5742,792,0.16,1747,1670,15,401,2,29,1628,585,0.22,27.1, ,283,329,45,102,118,130,612,0,0,0,0,0,0,355,1288,116129242.0,49144.83,33215.0,105664124.0,39605.5,0,0,3425.15,456433.38,2,MID_INCOME
141,142,Tract00_035,28.02,28.2,0.09,53095.35,4700,2000 Tract 28.02,1738,1115,0.24,3585,0.76,-70,250,-531,45,109,142,350,-1.47,4770,4700,-70,-0.01,364,1488,15,337,0,15,2398,151,0.09,28.2, ,235,210,57,106,148,120,445,0,0,0,0,0,0,203,659,48056615.0,30531.52,23073.0,42015485.0,25956.5,0,0,2079.9,229257.49,2,LOW_INCOME
142,143,Tract00_070,53.01,53.1,0.11,45623.08,5045,2000 Tract 53.01,3692,161,0.03,4884,0.97,-42,379,-195,54,120,-467,-198,-0.83,5087,5045,-42,-0.01,3696,338,13,343,2,26,505,1229,0.33,53.1, ,68,279,12,26,15,31,347,0,0,0,0,0,0,568,2693,213498575.0,76331.27,53643.0,212339927.0,65676.0,0,0,2322.82,286393.36,6,MID_INCOME
143,144,Tract00_063,88.03,88.3,0.45,4300.83,1918,2000 Tract 88.03,425,334,0.17,1584,0.83,-266,229,-479,33,30,40,-14,-12.18,2184,1918,-266,-0.12,605,1122,6,45,2,1,87,54,0.13,88.3, ,22,26,21,18,87,58,48,0,0,0,0,0,0,33,160,8175017.0,18046.4,9806.0,8040125.0,16167.0,0,0,5275.71,1155038.95,23,LOW_INCOME
144,145,Tract00_078,54.02,54.2,0.12,8.57,1,2000 Tract 54.02,1,0,0.0,1,1.0,-1,-2,0,0,1,0,0,-50.0,2,1,-1,-0.5,0,0,0,1,0,0,0,0,0.0,54.2, ,0,0,0,0,0,0,0,0,0,0,0,0,0,0,1,11665895.0,220111.23,46956.0,7656979.0,58060.0,0,0,2847.49,302098.75,6,MID_INCOME
145,146,Tract00_086,52.02,52.2,0.07,10613.04,760,2000 Tract 52.02,511,66,0.09,694,0.91,18,-4,-9,3,85,-39,-8,2.43,742,760,18,0.02,271,151,3,153,0,4,140,6,0.01,52.2, ,26,32,3,8,8,14,58,0,0,0,0,0,0,48,372,12062198.0,39036.24,31960.0,11494821.0,39062.0,0,0,2029.53,185461.72,8,MID_INCOME
146,147,Tract00_143,73.02,73.2,0.45,7320.69,3261,2000 Tract 73.02,1274,922,0.28,2339,0.72,-916,-71,-823,8,-8,11,19,-21.93,4177,3261,-916,-0.22,55,3111,3,10,0,9,42,473,0.37,73.2, ,87,182,39,49,210,180,269,0,0,0,0,0,0,79,448,35470952.0,28628.69,23995.0,31685413.0,28101.0,0,0,5505.77,1153712.58,15,LOW_INCOME
147,148,Tract00_113,77.08,77.8,0.32,8388.36,2706,2000 Tract 77.08,1152,837,0.31,1869,0.69,-185,-4,-176,9,2,-5,7,-6.4,2891,2706,-185,-0.06,16,2654,4,2,0,1,7,224,0.19,77.8, ,61,98,37,36,288,173,159,0,0,0,0,0,0,59,400,25759590.0,28060.56,25137.0,23420239.0,29249.0,0,0,4383.64,835518.06,32,LOW_INCOME
148,149,Tract00_118,62.01,62.1,0.33,432.41,144,2000 Tract 62.01,94,2,0.01,142,0.99,93,87,7,1,-1,-2,0,182.35,51,144,93,1.82,135,7,0,0,0,0,1,84,0.89,62.1, ,2,30,0,2,0,0,32,93,93,0,10000000,10000000,0,13,47,12664031.0,119471.99,98691.5,13375338.0,122725.0,0,0,4164.44,862527.13,9,MID_HIGH_INCOME
149,150,Tract00_031,31.0,31.0,0.11,24207.01,2755,2000 Tract 31,901,729,0.26,2026,0.74,-154,218,-687,8,16,477,374,-5.29,2909,2755,-154,-0.05,82,1795,6,15,1,8,824,471,0.52,31.0, ,134,118,25,49,89,146,252,0,0,0,0,0,0,80,260,39334586.0,30350.76,24979.0,35744225.0,29167.5,0,0,2574.16,294765.49,2,LOW_INCOME
150,151,Tract00_047,36.0,36.0,0.12,33192.03,3915,2000 Tract 36,1603,858,0.22,3057,0.78,-357,229,-1113,40,137,518,579,-8.36,4272,3915,-357,-0.08,344,2386,15,123,0,9,924,275,0.17,36.0, ,154,132,29,67,179,122,286,0,0,0,0,0,0,226,694,67166052.0,36863.91,27381.5,61156191.0,32244.5,0,0,2298.61,305503.33,2,LOW_INCOME
151,152,Tract00_154,1.0,1.0,0.9,5220.89,4674,2000 Tract 1,2724,460,0.1,4214,0.9,-32,-94,45,15,54,-41,12,-0.68,4706,4674,-32,-0.01,4059,186,7,163,3,11,192,1445,0.53,1.0, ,214,555,11,24,40,37,769,0,0,0,0,0,0,361,1482,413174189.0,203433.87,76215.0,413250951.0,86791.5,0,0,8564.17,2318693.46,4,MID_HIGH_INCOME
152,153,Tract00_003,18.04,18.4,0.23,17889.12,4156,2000 Tract 18.04,1774,932,0.22,3224,0.78,-81,208,-697,11,43,541,527,-1.91,4237,4156,-81,-0.02,95,2897,3,35,1,16,1003,578,0.33,18.4, ,210,284,44,71,182,211,494,0,0,0,0,0,0,128,644,69985531.0,35168.61,26205.5,65111551.0,29408.0,0,0,3404.87,601699.92,17,LOW_INCOME
153,154,Tract00_008,13.01,13.1,1.11,3371.79,3747,2000 Tract 13.01,2048,427,0.11,3320,0.89,54,-149,41,17,200,56,59,1.46,3693,3747,54,0.01,2893,258,1,288,3,8,208,642,0.31,13.1, ,218,431,10,25,32,51,649,4,4,0,926200,926200,0,251,1030,235868221.0,134858.9,55496.0,237384666.0,66859.0,0,0,8660.94,2878221.07,12,MID_INCOME
154,155,Tract00_187,95.03,95.3,0.56,5507.65,3066,2000 Tract 95.03,1207,596,0.19,2470,0.81,-154,-99,-28,19,9,-8,10,-4.78,3220,3066,-154,-0.05,299,2660,3,18,1,3,37,1115,0.92,95.3, ,132,340,14,40,82,188,472,0,0,0,0,0,0,67,344,77208364.0,54564.21,44583.0,70948127.0,49271.5,0,0,5486.88,1441794.25,20,MID_INCOME
155,156,Tract00_135,74.01,74.1,0.54,5511.61,2996,2000 Tract 74.01,893,1346,0.45,1650,0.55,313,17,302,5,1,23,19,11.67,2683,2996,313,0.12,12,2930,1,0,0,2,27,59,0.07,74.1, ,45,56,16,25,391,194,101,0,0,0,0,0,0,25,141,14963202.0,19818.81,17215.0,13336798.0,20335.0,0,0,6307.74,1407864.77,37,LOW_INCOME
156,157,Tract00_144,98.04,98.4,0.2,12679.12,2566,2000 Tract 98.04,909,921,0.36,1645,0.64,-215,14,-228,7,1,10,14,-7.73,2781,2566,-215,-0.08,15,2501,5,3,0,1,22,302,0.33,98.4, ,63,114,22,30,254,151,177,0,0,0,0,0,0,38,237,30042722.0,31590.66,25798.0,26209722.0,29215.0,0,0,3748.99,524165.09,39,LOW_INCOME
158,159,Tract00_186,94.0,94.0,0.63,6654.53,4166,2000 Tract 94,1686,792,0.19,3374,0.81,-461,-57,-407,33,21,65,54,-9.96,4627,4166,-461,-0.1,128,3816,5,23,0,10,119,1356,0.8,94.1,Number Change,170,431,19,52,115,255,601,0,0,0,0,0,0,99,545,88449285.0,48732.39,41013.0,80314310.0,47073.0,0,0,5539.93,1621444.22,24,MID_INCOME
159,160,Tract00_072,50.0,50.0,0.17,43014.18,7278,2000 Tract 50,3614,931,0.13,6347,0.87,826,1282,-1053,61,247,1131,725,12.8,6452,7278,826,0.13,1894,2635,11,392,1,26,2145,827,0.23,50.0, ,253,284,46,162,132,132,537,78,0,78,14519000,0,14519000,647,1958,201376016.0,64876.29,43902.5,190841951.0,53562.5,0,0,2957.1,438226.48,7,MID_INCOME
164,165,Tract00_082,85.0,85.0,0.2,15699.61,3209,2000 Tract 85,1129,829,0.26,2380,0.74,-457,-16,-437,0,5,21,25,-12.47,3666,3209,-457,-0.12,128,2935,5,23,1,1,94,671,0.59,85.1,Number Change,87,150,22,56,150,208,237,0,0,0,0,0,0,113,343,50699794.0,41252.88,30709.0,47094962.0,36068.5,0,0,3072.44,529398.95,25,MID_INCOME
165,166,Tract00_084,47.0,47.0,0.25,17576.51,4382,2000 Tract 47,1740,1444,0.33,2938,0.67,-173,-19,-190,8,55,16,42,-3.8,4555,4382,-173,-0.04,119,4020,14,114,1,8,49,120,0.07,47.0, ,72,98,27,37,466,199,170,0,0,0,0,0,0,65,776,27885174.0,22837.98,17455.0,26274132.0,21878.5,0,0,3638.16,645719.52,8,LOW_INCOME
166,167,Tract00_087,51.0,51.0,0.15,5155.73,783,2000 Tract 51,573,32,0.04,751,0.96,-212,-97,-86,10,-16,14,22,-21.31,995,783,-212,-0.21,422,195,6,35,0,1,89,89,0.16,51.0, ,13,34,2,8,5,6,47,0,0,0,0,0,0,50,455,48352992.0,109893.16,45761.0,51841645.0,52511.0,0,0,2757.95,393332.81,8,MID_INCOME
167,168,Tract00_089,56.0,56.0,0.21,28174.75,5946,2000 Tract 56,3529,83,0.01,5863,0.99,1288,751,137,19,417,84,106,27.65,4658,5946,1288,0.28,4454,344,14,619,3,27,363,1247,0.35,56.0, ,38,425,5,29,10,49,463,28,0,28,3700000,0,3700000,523,2450,169734687.0,92096.95,53162.0,176060863.0,65502.5,0,0,4104.39,546606.42,5,MID_INCOME
168,169,Tract00_091,84.01,84.01,0.08,25167.67,2139,2000 Tract 84.01,499,300,0.14,1839,0.86,425,445,-44,33,45,40,33,24.8,1714,2139,425,0.25,454,1504,10,33,2,3,66,336,0.67,84.1, ,36,71,13,41,66,100,107,9,9,0,765000,765000,0,50,122,25531637.0,40144.08,31326.5,23523247.0,36400.0,0,0,2326.2,220119.99,26,MID_INCOME
170,171,Tract00_156,73.01,73.1,3.8,1379.18,5234,2000 Tract 73.01,1361,1955,0.37,3279,0.63,-2533,-1202,-996,36,-104,-73,-46,-32.61,7767,5234,-2533,-0.33,2844,1516,32,181,21,24,442,27,0.02,73.1, ,873,293,37,4,103,7,1166,0,0,0,0,0,0,11,33,4099121.0,32024.38,28339.0,2200818.0,30447.5,0,0,17472.2,9829116.57,39,LOW_INCOME
171,172,Tract00_136,76.05,76.5,0.18,21238.58,3721,2000 Tract 76.05,1696,875,0.24,2846,0.76,-157,-4,-146,23,25,11,11,-4.05,3878,3721,-157,-0.04,43,3577,8,16,0,0,30,392,0.23,76.5, ,121,205,48,58,225,223,326,0,0,0,0,0,0,112,704,49658308.0,34437.11,30108.0,44444617.0,33743.0,0,0,3672.9,453755.89,34,MID_INCOME
172,173,Tract00_137,75.03,75.3,0.19,13113.98,2515,2000 Tract 75.03,870,941,0.37,1574,0.63,-503,-42,-434,15,-6,2,9,-16.67,3018,2515,-503,-0.17,28,2424,3,5,1,3,26,292,0.34,75.3, ,59,76,24,36,263,124,135,0,0,0,0,0,0,52,236,19665632.0,23439.37,18495.0,17976840.0,22339.0,0,0,2863.39,496702.17,28,LOW_INCOME
173,174,Tract00_138,75.04,75.4,0.3,7934.85,2358,2000 Tract 75.04,856,836,0.35,1522,0.65,-313,-54,-262,14,7,7,10,-11.72,2671,2358,-313,-0.12,21,2280,4,13,0,3,21,163,0.19,75.4, ,56,69,36,30,254,119,125,0,0,0,0,0,0,59,233,17936998.0,23601.31,20474.5,16286150.0,24208.0,0,0,4253.3,769660.18,28,LOW_INCOME
174,175,Tract00_171,74.09,74.9,0.16,21420.57,3444,2000 Tract 74.09,1388,1327,0.39,2117,0.61,463,3,468,20,-7,16,13,15.53,2981,3444,463,0.16,8,3368,0,1,0,7,33,247,0.18,74.9, ,92,86,54,35,494,158,178,15,15,0,975000,975000,0,67,402,35202706.0,29117.21,23199.0,32043360.0,27475.0,0,0,3042.8,416421.29,38,LOW_INCOME
175,176,Tract00_170,73.04,73.4,0.48,9641.42,4665,2000 Tract 73.04,1482,1888,0.4,2777,0.6,190,15,203,21,1,-12,-9,4.25,4475,4665,190,0.04,38,4548,17,6,0,0,20,315,0.21,73.4, ,128,149,57,46,539,199,277,0,0,0,0,0,0,63,301,30168145.0,27105.25,21283.0,26812675.0,25550.5,0,0,5504.9,1253160.34,38,LOW_INCOME
176,177,Tract00_145,98.03,98.3,0.21,10828.61,2236,2000 Tract 98.03,969,634,0.28,1602,0.72,-575,-14,-563,24,0,-11,6,-20.45,2811,2236,-575,-0.2,25,2154,3,5,0,4,20,191,0.2,98.3, ,81,105,17,30,193,109,186,0,0,0,0,0,0,61,373,24873670.0,28855.77,25493.0,23170893.0,29538.0,0,0,3196.61,534808.78,39,LOW_INCOME
177,178,Tract00_146,98.07,98.7,0.4,8030.95,3238,2000 Tract 98.07,1287,878,0.27,2360,0.73,-146,-17,-97,8,-11,-2,-2,-4.31,3384,3238,-146,-0.04,53,3115,1,16,1,0,28,531,0.41,98.7, ,103,183,43,46,204,172,286,0,0,0,0,0,0,86,450,36668320.0,33004.79,27939.0,33999545.0,31090.0,0,0,5038.56,1044266.08,39,LOW_INCOME
178,179,Tract00_147,98.01,98.1,0.17,12337.01,2091,2000 Tract 98.01,664,931,0.45,1160,0.55,-564,-9,-574,9,8,-52,12,-21.24,2655,2091,-564,-0.21,1,2047,6,1,0,12,16,139,0.21,98.1, ,31,51,14,15,292,131,82,0,0,0,0,0,0,22,108,8812141.0,23312.54,20156.0,7801044.0,22931.0,0,0,3209.65,438975.42,39,LOW_INCOME
179,180,Tract00_148,98.02,98.2,0.08,23303.23,1806,2000 Tract 98.02,595,721,0.4,1085,0.6,-403,8,-393,-7,7,3,2,-18.24,2209,1806,-403,-0.18,5,1772,2,3,0,0,7,143,0.24,98.2, ,38,58,18,18,186,125,96,0,0,0,0,0,0,20,132,10992823.0,22618.98,18705.0,10239680.0,22971.0,0,0,2124.29,200716.79,39,LOW_INCOME
180,181,Tract00_149,98.06,98.6,0.34,17280.65,5948,2000 Tract 98.06,2369,2164,0.36,3784,0.64,-1326,-35,-1276,27,13,-24,3,-22.4,5921,5948,-1326,-0.18,45,5796,11,11,2,8,29,312,0.13,98.5,Tracts Combined,138,186,55,72,757,294,324,0,0,0,0,0,0,109,758,56928931.0,24040.93,21421.0,51261468.0,23960.5,0,0,4257.97,891476.41,39,LOW_INCOME
181,182,Tract00_168,98.08,98.8,0.21,11966.06,2468,2000 Tract 98.08,1161,696,0.28,1772,0.72,88,1,96,13,8,-10,-1,3.7,2380,2468,88,0.04,19,2390,5,4,1,2,22,82,0.07,98.8, ,66,85,45,40,236,116,151,0,0,0,0,0,0,96,477,17013314.0,25242.31,23078.0,16081510.0,26450.0,0,0,3157.15,534192.2,39,LOW_INCOME
182,183,Tract00_165,16.0,16.0,1.06,3788.16,4030,2000 Tract 16,1633,722,0.18,3308,0.82,-455,-208,-213,39,-6,54,54,-10.14,4485,4030,-455,-0.1,844,2905,7,32,0,23,130,1464,0.9,16.0, ,280,597,17,48,69,151,877,2,2,0,400000,400000,0,87,384,182910896.0,107468.21,72183.0,175248188.0,80973.0,0,0,8811.06,2755356.48,16,MID_HIGH_INCOME
183,184,Tract00_166,15.0,15.0,1.84,3073.43,5649,2000 Tract 15,2222,1390,0.25,4259,0.75,79,22,83,18,66,45,41,1.42,5570,5649,79,0.01,4564,631,4,119,2,25,185,1953,0.88,15.0, ,693,724,11,23,75,67,1417,1,1,0,200000,200000,0,121,508,376818365.0,163691.73,107546.0,390373535.0,125548.5,0,0,10671.03,4760439.06,10,HIGH_INCOME
184,185,Tract00_160,11.0,11.0,0.66,6752.57,4428,2000 Tract 11,1854,809,0.18,3619,0.82,13,-172,120,17,104,11,78,0.29,4415,4428,13,0.0,3601,248,2,234,2,30,200,1412,0.76,11.0, ,395,494,13,18,55,56,889,4,4,0,619600,619600,0,202,621,294184386.0,141231.1,66978.0,290787961.0,81817.0,0,0,5942.84,1698388.47,11,MID_HIGH_INCOME
185,186,Tract00_009,26.0,26.0,0.84,2600.31,2184,2000 Tract 26,964,355,0.16,1829,0.84,-108,23,-127,17,5,25,38,-4.71,2292,2184,-108,-0.05,664,1339,5,40,0,15,75,691,0.72,26.0, ,154,252,6,23,24,80,406,1,1,0,295000,295000,0,88,337,103181489.0,106482.44,64022.0,96999438.0,71249.5,0,0,8828.58,2175337.17,18,MID_INCOME
186,187,Tract00_013,12.0,12.0,0.47,10338.73,4856,2000 Tract 12,2567,623,0.13,4233,0.87,30,-122,58,28,163,-31,45,0.62,4826,4856,30,0.01,3743,275,5,332,6,15,370,1272,0.5,12.0, ,312,470,17,33,66,67,782,0,0,0,0,0,0,409,1193,242970327.0,97461.02,58594.0,265305808.0,71337.0,0,0,4884.23,1216502.91,12,MID_INCOME
187,188,Tract00_021,24.0,24.0,0.21,16667.44,3580,2000 Tract 24,1252,840,0.23,2740,0.77,-305,102,-533,22,1,247,209,-7.85,3885,3580,-305,-0.08,103,2934,3,14,1,9,452,792,0.63,24.0, ,134,192,29,54,112,233,326,0,0,0,0,0,0,88,410,52819845.0,35473.37,26925.0,48714675.0,32424.5,0,0,3266.08,556315.14,18,LOW_INCOME
